label,source,theme,pool,months,included
jkp:accruals:are,JKP,accruals,light,149,False
jkp:accruals:arg,JKP,accruals,light,53,False
jkp:accruals:aus,JKP,accruals,light,422,True
jkp:accruals:aut,JKP,accruals,light,416,True
jkp:accruals:bel,JKP,accruals,light,416,True
jkp:accruals:bgd,JKP,accruals,light,41,False
jkp:accruals:bra,JKP,accruals,light,260,False
jkp:accruals:can,JKP,accruals,light,526,True
jkp:accruals:che,JKP,accruals,light,416,True
jkp:accruals:chl,JKP,accruals,light,385,True
jkp:accruals:chn,JKP,accruals,light,351,False
jkp:accruals:col,JKP,accruals,light,216,False
jkp:accruals:deu,JKP,accruals,light,419,True
jkp:accruals:dnk,JKP,accruals,light,416,True
jkp:accruals:egy,JKP,accruals,light,68,False
jkp:accruals:esp,JKP,accruals,light,404,True
jkp:accruals:fin,JKP,accruals,light,416,True
jkp:accruals:fra,JKP,accruals,light,416,True
jkp:accruals:gbr,JKP,accruals,light,480,True
jkp:accruals:grc,JKP,accruals,light,164,False
jkp:accruals:hkg,JKP,accruals,light,422,True
jkp:accruals:hrv,JKP,accruals,light,9,False
jkp:accruals:idn,JKP,accruals,light,325,False
jkp:accruals:ind,JKP,accruals,light,282,False
jkp:accruals:irl,JKP,accruals,light,228,False
jkp:accruals:isr,JKP,accruals,light,344,False
jkp:accruals:ita,JKP,accruals,light,416,True
jkp:accruals:jpn,JKP,accruals,light,480,True
jkp:accruals:kor,JKP,accruals,light,368,True
jkp:accruals:kwt,JKP,accruals,light,140,False
jkp:accruals:mar,JKP,accruals,light,103,False
jkp:accruals:mex,JKP,accruals,light,392,True
jkp:accruals:mys,JKP,accruals,light,422,True
jkp:accruals:nga,JKP,accruals,light,22,False
jkp:accruals:nld,JKP,accruals,light,416,True
jkp:accruals:nor,JKP,accruals,light,416,True
jkp:accruals:nzl,JKP,accruals,light,392,True
jkp:accruals:pak,JKP,accruals,light,133,False
jkp:accruals:per,JKP,accruals,light,227,False
jkp:accruals:phl,JKP,accruals,light,235,False
jkp:accruals:pol,JKP,accruals,light,241,False
jkp:accruals:prt,JKP,accruals,light,332,False
jkp:accruals:qat,JKP,accruals,light,212,False
jkp:accruals:rus,JKP,accruals,light,270,False
jkp:accruals:sau,JKP,accruals,light,284,False
jkp:accruals:sgp,JKP,accruals,light,422,True
jkp:accruals:svn,JKP,accruals,light,11,False
jkp:accruals:swe,JKP,accruals,light,416,True
jkp:accruals:tha,JKP,accruals,light,325,False
jkp:accruals:tur,JKP,accruals,light,332,False
jkp:accruals:twn,JKP,accruals,light,356,False
jkp:accruals:usa,JKP,accruals,light,960,True
jkp:accruals:vnm,JKP,accruals,light,106,False
jkp:accruals:zaf,JKP,accruals,light,422,True
jkp:accruals:zwe,JKP,accruals,light,13,False
jkp:debt_issuance:are,JKP,debt_issuance,light,243,False
jkp:debt_issuance:arg,JKP,debt_issuance,light,187,False
jkp:debt_issuance:aus,JKP,debt_issuance,light,434,True
jkp:debt_issuance:aut,JKP,debt_issuance,light,416,True
jkp:debt_issuance:bel,JKP,debt_issuance,light,425,True
jkp:debt_issuance:bgd,JKP,debt_issuance,light,48,False
jkp:debt_issuance:bhr,JKP,debt_issuance,light,5,False
jkp:debt_issuance:bra,JKP,debt_issuance,light,268,False
jkp:debt_issuance:can,JKP,debt_issuance,light,526,True
jkp:debt_issuance:che,JKP,debt_issuance,light,419,True
jkp:debt_issuance:chl,JKP,debt_issuance,light,385,True
jkp:debt_issuance:chn,JKP,debt_issuance,light,353,False
jkp:debt_issuance:col,JKP,debt_issuance,light,233,False
jkp:debt_issuance:deu,JKP,debt_issuance,light,428,True
jkp:debt_issuance:dnk,JKP,debt_issuance,light,424,True
jkp:debt_issuance:egy,JKP,debt_issuance,light,106,False
jkp:debt_issuance:esp,JKP,debt_issuance,light,440,True
jkp:debt_issuance:fin,JKP,debt_issuance,light,416,True
jkp:debt_issuance:fra,JKP,debt_issuance,light,428,True
jkp:debt_issuance:gbr,JKP,debt_issuance,light,480,True
jkp:debt_issuance:grc,JKP,debt_issuance,light,164,False
jkp:debt_issuance:hkg,JKP,debt_issuance,light,427,True
jkp:debt_issuance:hrv,JKP,debt_issuance,light,18,False
jkp:debt_issuance:idn,JKP,debt_issuance,light,326,False
jkp:debt_issuance:ind,JKP,debt_issuance,light,293,False
jkp:debt_issuance:irl,JKP,debt_issuance,light,388,True
jkp:debt_issuance:isl,JKP,debt_issuance,light,22,False
jkp:debt_issuance:isr,JKP,debt_issuance,light,356,False
jkp:debt_issuance:ita,JKP,debt_issuance,light,428,True
jkp:debt_issuance:jam,JKP,debt_issuance,light,1,False
jkp:debt_issuance:jor,JKP,debt_issuance,light,15,False
jkp:debt_issuance:jpn,JKP,debt_issuance,light,480,True
jkp:debt_issuance:ken,JKP,debt_issuance,light,8,False
jkp:debt_issuance:kor,JKP,debt_issuance,light,374,True
jkp:debt_issuance:kwt,JKP,debt_issuance,light,284,False
jkp:debt_issuance:lka,JKP,debt_issuance,light,3,False
jkp:debt_issuance:mar,JKP,debt_issuance,light,244,False
jkp:debt_issuance:mex,JKP,debt_issuance,light,392,True
jkp:debt_issuance:mys,JKP,debt_issuance,light,427,True
jkp:debt_issuance:nga,JKP,debt_issuance,light,111,False
jkp:debt_issuance:nld,JKP,debt_issuance,light,428,True
jkp:debt_issuance:nor,JKP,debt_issuance,light,416,True
jkp:debt_issuance:nzl,JKP,debt_issuance,light,392,True
jkp:debt_issuance:omn,JKP,debt_issuance,light,25,False
jkp:debt_issuance:pak,JKP,debt_issuance,light,198,False
jkp:debt_issuance:per,JKP,debt_issuance,light,234,False
jkp:debt_issuance:phl,JKP,debt_issuance,light,251,False
jkp:debt_issuance:pol,JKP,debt_issuance,light,320,False
jkp:debt_issuance:prt,JKP,debt_issuance,light,332,False
jkp:debt_issuance:qat,JKP,debt_issuance,light,248,False
jkp:debt_issuance:rou,JKP,debt_issuance,light,30,False
jkp:debt_issuance:rus,JKP,debt_issuance,light,270,False
jkp:debt_issuance:sau,JKP,debt_issuance,light,290,False
jkp:debt_issuance:sgp,JKP,debt_issuance,light,425,True
jkp:debt_issuance:svn,JKP,debt_issuance,light,12,False
jkp:debt_issuance:swe,JKP,debt_issuance,light,417,True
jkp:debt_issuance:tha,JKP,debt_issuance,light,326,False
jkp:debt_issuance:tto,JKP,debt_issuance,light,25,False
jkp:debt_issuance:tur,JKP,debt_issuance,light,332,False
jkp:debt_issuance:twn,JKP,debt_issuance,light,356,False
jkp:debt_issuance:ukr,JKP,debt_issuance,light,3,False
jkp:debt_issuance:usa,JKP,debt_issuance,light,890,True
jkp:debt_issuance:vnm,JKP,debt_issuance,light,166,False
jkp:debt_issuance:zaf,JKP,debt_issuance,light,434,True
jkp:debt_issuance:zwe,JKP,debt_issuance,light,13,False
jkp:investment:are,JKP,investment,light,251,False
jkp:investment:arg,JKP,investment,light,187,False
jkp:investment:aus,JKP,investment,light,434,True
jkp:investment:aut,JKP,investment,light,420,True
jkp:investment:bel,JKP,investment,light,425,True
jkp:investment:bgd,JKP,investment,light,48,False
jkp:investment:bhr,JKP,investment,light,6,False
jkp:investment:bra,JKP,investment,light,268,False
jkp:investment:can,JKP,investment,light,526,True
jkp:investment:che,JKP,investment,light,420,True
jkp:investment:chl,JKP,investment,light,385,True
jkp:investment:chn,JKP,investment,light,353,False
jkp:investment:col,JKP,investment,light,246,False
jkp:investment:deu,JKP,investment,light,428,True
jkp:investment:dnk,JKP,investment,light,424,True
jkp:investment:egy,JKP,investment,light,106,False
jkp:investment:esp,JKP,investment,light,440,True
jkp:investment:fin,JKP,investment,light,416,True
jkp:investment:fra,JKP,investment,light,428,True
jkp:investment:gbr,JKP,investment,light,480,True
jkp:investment:grc,JKP,investment,light,169,False
jkp:investment:hkg,JKP,investment,light,427,True
jkp:investment:hrv,JKP,investment,light,20,False
jkp:investment:idn,JKP,investment,light,326,False
jkp:investment:ind,JKP,investment,light,388,True
jkp:investment:irl,JKP,investment,light,388,True
jkp:investment:isl,JKP,investment,light,22,False
jkp:investment:isr,JKP,investment,light,356,False
jkp:investment:ita,JKP,investment,light,428,True
jkp:investment:jam,JKP,investment,light,1,False
jkp:investment:jor,JKP,investment,light,16,False
jkp:investment:jpn,JKP,investment,light,480,True
jkp:investment:ken,JKP,investment,light,8,False
jkp:investment:kor,JKP,investment,light,390,True
jkp:investment:kwt,JKP,investment,light,292,False
jkp:investment:lka,JKP,investment,light,3,False
jkp:investment:lux,JKP,investment,light,2,False
jkp:investment:mar,JKP,investment,light,244,False
jkp:investment:mex,JKP,investment,light,419,True
jkp:investment:mys,JKP,investment,light,427,True
jkp:investment:nga,JKP,investment,light,119,False
jkp:investment:nld,JKP,investment,light,428,True
jkp:investment:nor,JKP,investment,light,420,True
jkp:investment:nzl,JKP,investment,light,392,True
jkp:investment:omn,JKP,investment,light,25,False
jkp:investment:pak,JKP,investment,light,198,False
jkp:investment:per,JKP,investment,light,234,False
jkp:investment:phl,JKP,investment,light,251,False
jkp:investment:pol,JKP,investment,light,320,False
jkp:investment:prt,JKP,investment,light,332,False
jkp:investment:qat,JKP,investment,light,248,False
jkp:investment:rou,JKP,investment,light,36,False
jkp:investment:rus,JKP,investment,light,270,False
jkp:investment:sau,JKP,investment,light,290,False
jkp:investment:sgp,JKP,investment,light,425,True
jkp:investment:svn,JKP,investment,light,12,False
jkp:investment:swe,JKP,investment,light,420,True
jkp:investment:tha,JKP,investment,light,326,False
jkp:investment:tto,JKP,investment,light,25,False
jkp:investment:tur,JKP,investment,light,369,True
jkp:investment:twn,JKP,investment,light,395,True
jkp:investment:ukr,JKP,investment,light,3,False
jkp:investment:usa,JKP,investment,light,1140,True
jkp:investment:ven,JKP,investment,light,32,False
jkp:investment:vnm,JKP,investment,light,166,False
jkp:investment:zaf,JKP,investment,light,434,True
jkp:investment:zwe,JKP,investment,light,22,False
jkp:low_leverage:are,JKP,low_leverage,light,252,False
jkp:low_leverage:arg,JKP,low_leverage,light,187,False
jkp:low_leverage:aus,JKP,low_leverage,light,480,True
jkp:low_leverage:aut,JKP,low_leverage,light,428,True
jkp:low_leverage:bel,JKP,low_leverage,light,480,True
jkp:low_leverage:bgd,JKP,low_leverage,light,48,False
jkp:low_leverage:bhr,JKP,low_leverage,light,12,False
jkp:low_leverage:bra,JKP,low_leverage,light,377,True
jkp:low_leverage:can,JKP,low_leverage,light,526,True
jkp:low_leverage:che,JKP,low_leverage,light,480,True
jkp:low_leverage:chl,JKP,low_leverage,light,444,True
jkp:low_leverage:chn,JKP,low_leverage,light,354,False
jkp:low_leverage:col,JKP,low_leverage,light,251,False
jkp:low_leverage:cyp,JKP,low_leverage,light,2,False
jkp:low_leverage:cze,JKP,low_leverage,light,23,False
jkp:low_leverage:deu,JKP,low_leverage,light,480,True
jkp:low_leverage:dnk,JKP,low_leverage,light,480,True
jkp:low_leverage:egy,JKP,low_leverage,light,106,False
jkp:low_leverage:esp,JKP,low_leverage,light,480,True
jkp:low_leverage:fin,JKP,low_leverage,light,468,True
jkp:low_leverage:fra,JKP,low_leverage,light,480,True
jkp:low_leverage:gbr,JKP,low_leverage,light,480,True
jkp:low_leverage:grc,JKP,low_leverage,light,213,False
jkp:low_leverage:hkg,JKP,low_leverage,light,449,True
jkp:low_leverage:hrv,JKP,low_leverage,light,24,False
jkp:low_leverage:hun,JKP,low_leverage,light,5,False
jkp:low_leverage:idn,JKP,low_leverage,light,404,True
jkp:low_leverage:ind,JKP,low_leverage,light,399,True
jkp:low_leverage:irl,JKP,low_leverage,light,434,True
jkp:low_leverage:irn,JKP,low_leverage,light,5,False
jkp:low_leverage:isl,JKP,low_leverage,light,22,False
jkp:low_leverage:isr,JKP,low_leverage,light,371,True
jkp:low_leverage:ita,JKP,low_leverage,light,440,True
jkp:low_leverage:jam,JKP,low_leverage,light,1,False
jkp:low_leverage:jor,JKP,low_leverage,light,17,False
jkp:low_leverage:jpn,JKP,low_leverage,light,480,True
jkp:low_leverage:ken,JKP,low_leverage,light,8,False
jkp:low_leverage:kor,JKP,low_leverage,light,450,True
jkp:low_leverage:kwt,JKP,low_leverage,light,296,False
jkp:low_leverage:lka,JKP,low_leverage,light,3,False
jkp:low_leverage:lux,JKP,low_leverage,light,9,False
jkp:low_leverage:mar,JKP,low_leverage,light,244,False
jkp:low_leverage:mex,JKP,low_leverage,light,440,True
jkp:low_leverage:mys,JKP,low_leverage,light,441,True
jkp:low_leverage:nga,JKP,low_leverage,light,119,False
jkp:low_leverage:nld,JKP,low_leverage,light,480,True
jkp:low_leverage:nor,JKP,low_leverage,light,441,True
jkp:low_leverage:nzl,JKP,low_leverage,light,456,True
jkp:low_leverage:omn,JKP,low_leverage,light,25,False
jkp:low_leverage:pak,JKP,low_leverage,light,212,False
jkp:low_leverage:per,JKP,low_leverage,light,234,False
jkp:low_leverage:phl,JKP,low_leverage,light,251,False
jkp:low_leverage:pol,JKP,low_leverage,light,341,False
jkp:low_leverage:prt,JKP,low_leverage,light,376,True
jkp:low_leverage:qat,JKP,low_leverage,light,259,False
jkp:low_leverage:rou,JKP,low_leverage,light,36,False
jkp:low_leverage:rus,JKP,low_leverage,light,280,False
jkp:low_leverage:sau,JKP,low_leverage,light,290,False
jkp:low_leverage:sgp,JKP,low_leverage,light,437,True
jkp:low_leverage:svn,JKP,low_leverage,light,12,False
jkp:low_leverage:swe,JKP,low_leverage,light,480,True
jkp:low_leverage:tha,JKP,low_leverage,light,450,True
jkp:low_leverage:tto,JKP,low_leverage,light,25,False
jkp:low_leverage:tur,JKP,low_leverage,light,391,True
jkp:low_leverage:twn,JKP,low_leverage,light,455,True
jkp:low_leverage:ukr,JKP,low_leverage,light,22,False
jkp:low_leverage:usa,JKP,low_leverage,light,1199,True
jkp:low_leverage:ven,JKP,low_leverage,light,35,False
jkp:low_leverage:vnm,JKP,low_leverage,light,166,False
jkp:low_leverage:zaf,JKP,low_leverage,light,480,True
jkp:low_leverage:zwe,JKP,low_leverage,light,23,False
jkp:low_risk:are,JKP,low_risk,heavy,249,False
jkp:low_risk:arg,JKP,low_risk,heavy,187,False
jkp:low_risk:aus,JKP,low_risk,heavy,479,True
jkp:low_risk:aut,JKP,low_risk,heavy,448,True
jkp:low_risk:bel,JKP,low_risk,heavy,479,True
jkp:low_risk:bgd,JKP,low_risk,heavy,48,False
jkp:low_risk:bra,JKP,low_risk,heavy,268,False
jkp:low_risk:can,JKP,low_risk,heavy,526,True
jkp:low_risk:che,JKP,low_risk,heavy,479,True
jkp:low_risk:chl,JKP,low_risk,heavy,407,True
jkp:low_risk:chn,JKP,low_risk,heavy,354,False
jkp:low_risk:col,JKP,low_risk,heavy,251,False
jkp:low_risk:cyp,JKP,low_risk,heavy,2,False
jkp:low_risk:cze,JKP,low_risk,heavy,14,False
jkp:low_risk:deu,JKP,low_risk,heavy,479,True
jkp:low_risk:dnk,JKP,low_risk,heavy,476,True
jkp:low_risk:egy,JKP,low_risk,heavy,106,False
jkp:low_risk:esp,JKP,low_risk,heavy,472,True
jkp:low_risk:fin,JKP,low_risk,heavy,462,True
jkp:low_risk:fra,JKP,low_risk,heavy,479,True
jkp:low_risk:gbr,JKP,low_risk,heavy,480,True
jkp:low_risk:grc,JKP,low_risk,heavy,213,False
jkp:low_risk:hkg,JKP,low_risk,heavy,473,True
jkp:low_risk:hrv,JKP,low_risk,heavy,21,False
jkp:low_risk:hun,JKP,low_risk,heavy,2,False
jkp:low_risk:idn,JKP,low_risk,heavy,402,True
jkp:low_risk:ind,JKP,low_risk,heavy,439,True
jkp:low_risk:irl,JKP,low_risk,heavy,393,True
jkp:low_risk:isl,JKP,low_risk,heavy,22,False
jkp:low_risk:isr,JKP,low_risk,heavy,362,True
jkp:low_risk:ita,JKP,low_risk,heavy,479,True
jkp:low_risk:jam,JKP,low_risk,heavy,1,False
jkp:low_risk:jor,JKP,low_risk,heavy,17,False
jkp:low_risk:jpn,JKP,low_risk,heavy,480,True
jkp:low_risk:ken,JKP,low_risk,heavy,8,False
jkp:low_risk:kor,JKP,low_risk,heavy,445,True
jkp:low_risk:kwt,JKP,low_risk,heavy,279,False
jkp:low_risk:lka,JKP,low_risk,heavy,3,False
jkp:low_risk:mar,JKP,low_risk,heavy,240,False
jkp:low_risk:mex,JKP,low_risk,heavy,428,True
jkp:low_risk:mys,JKP,low_risk,heavy,466,True
jkp:low_risk:nga,JKP,low_risk,heavy,118,False
jkp:low_risk:nld,JKP,low_risk,heavy,479,True
jkp:low_risk:nor,JKP,low_risk,heavy,474,True
jkp:low_risk:nzl,JKP,low_risk,heavy,437,True
jkp:low_risk:omn,JKP,low_risk,heavy,25,False
jkp:low_risk:pak,JKP,low_risk,heavy,199,False
jkp:low_risk:per,JKP,low_risk,heavy,234,False
jkp:low_risk:phl,JKP,low_risk,heavy,251,False
jkp:low_risk:pol,JKP,low_risk,heavy,341,False
jkp:low_risk:prt,JKP,low_risk,heavy,373,True
jkp:low_risk:qat,JKP,low_risk,heavy,252,False
jkp:low_risk:rou,JKP,low_risk,heavy,36,False
jkp:low_risk:rus,JKP,low_risk,heavy,280,False
jkp:low_risk:sau,JKP,low_risk,heavy,285,False
jkp:low_risk:sgp,JKP,low_risk,heavy,475,True
jkp:low_risk:svn,JKP,low_risk,heavy,12,False
jkp:low_risk:swe,JKP,low_risk,heavy,479,True
jkp:low_risk:tha,JKP,low_risk,heavy,441,True
jkp:low_risk:tto,JKP,low_risk,heavy,25,False
jkp:low_risk:tur,JKP,low_risk,heavy,394,True
jkp:low_risk:twn,JKP,low_risk,heavy,455,True
jkp:low_risk:ukr,JKP,low_risk,heavy,18,False
jkp:low_risk:usa,JKP,low_risk,heavy,1199,True
jkp:low_risk:ven,JKP,low_risk,heavy,22,False
jkp:low_risk:vnm,JKP,low_risk,heavy,166,False
jkp:low_risk:zaf,JKP,low_risk,heavy,479,True
jkp:low_risk:zwe,JKP,low_risk,heavy,23,False
jkp:momentum:are,JKP,momentum,heavy,268,False
jkp:momentum:arg,JKP,momentum,heavy,187,False
jkp:momentum:aus,JKP,momentum,heavy,477,True
jkp:momentum:aut,JKP,momentum,heavy,461,True
jkp:momentum:bel,JKP,momentum,heavy,477,True
jkp:momentum:bgd,JKP,momentum,heavy,48,False
jkp:momentum:bhr,JKP,momentum,heavy,11,False
jkp:momentum:bra,JKP,momentum,heavy,377,True
jkp:momentum:can,JKP,momentum,heavy,524,True
jkp:momentum:che,JKP,momentum,heavy,477,True
jkp:momentum:chl,JKP,momentum,heavy,441,True
jkp:momentum:chn,JKP,momentum,heavy,354,False
jkp:momentum:col,JKP,momentum,heavy,251,False
jkp:momentum:cyp,JKP,momentum,heavy,2,False
jkp:momentum:cze,JKP,momentum,heavy,21,False
jkp:momentum:deu,JKP,momentum,heavy,477,True
jkp:momentum:dnk,JKP,momentum,heavy,477,True
jkp:momentum:egy,JKP,momentum,heavy,106,False
jkp:momentum:esp,JKP,momentum,heavy,477,True
jkp:momentum:fin,JKP,momentum,heavy,465,True
jkp:momentum:fra,JKP,momentum,heavy,477,True
jkp:momentum:gbr,JKP,momentum,heavy,477,True
jkp:momentum:grc,JKP,momentum,heavy,211,False
jkp:momentum:hkg,JKP,momentum,heavy,477,True
jkp:momentum:hrv,JKP,momentum,heavy,23,False
jkp:momentum:hun,JKP,momentum,heavy,3,False
jkp:momentum:idn,JKP,momentum,heavy,427,True
jkp:momentum:ind,JKP,momentum,heavy,445,True
jkp:momentum:irl,JKP,momentum,heavy,386,True
jkp:momentum:irn,JKP,momentum,heavy,2,False
jkp:momentum:isl,JKP,momentum,heavy,22,False
jkp:momentum:isr,JKP,momentum,heavy,368,True
jkp:momentum:ita,JKP,momentum,heavy,477,True
jkp:momentum:jam,JKP,momentum,heavy,1,False
jkp:momentum:jor,JKP,momentum,heavy,17,False
jkp:momentum:jpn,JKP,momentum,heavy,477,True
jkp:momentum:ken,JKP,momentum,heavy,8,False
jkp:momentum:kor,JKP,momentum,heavy,447,True
jkp:momentum:kwt,JKP,momentum,heavy,295,False
jkp:momentum:lka,JKP,momentum,heavy,3,False
jkp:momentum:lux,JKP,momentum,heavy,6,False
jkp:momentum:mar,JKP,momentum,heavy,244,False
jkp:momentum:mex,JKP,momentum,heavy,439,True
jkp:momentum:mys,JKP,momentum,heavy,466,True
jkp:momentum:nga,JKP,momentum,heavy,118,False
jkp:momentum:nld,JKP,momentum,heavy,477,True
jkp:momentum:nor,JKP,momentum,heavy,477,True
jkp:momentum:nzl,JKP,momentum,heavy,476,True
jkp:momentum:omn,JKP,momentum,heavy,25,False
jkp:momentum:pak,JKP,momentum,heavy,200,False
jkp:momentum:per,JKP,momentum,heavy,234,False
jkp:momentum:phl,JKP,momentum,heavy,251,False
jkp:momentum:pol,JKP,momentum,heavy,339,False
jkp:momentum:prt,JKP,momentum,heavy,373,True
jkp:momentum:qat,JKP,momentum,heavy,257,False
jkp:momentum:rou,JKP,momentum,heavy,34,False
jkp:momentum:rus,JKP,momentum,heavy,280,False
jkp:momentum:sau,JKP,momentum,heavy,288,False
jkp:momentum:sgp,JKP,momentum,heavy,477,True
jkp:momentum:svn,JKP,momentum,heavy,12,False
jkp:momentum:swe,JKP,momentum,heavy,477,True
jkp:momentum:tha,JKP,momentum,heavy,447,True
jkp:momentum:tto,JKP,momentum,heavy,23,False
jkp:momentum:tur,JKP,momentum,heavy,394,True
jkp:momentum:twn,JKP,momentum,heavy,452,True
jkp:momentum:ukr,JKP,momentum,heavy,22,False
jkp:momentum:usa,JKP,momentum,heavy,1197,True
jkp:momentum:ven,JKP,momentum,heavy,34,False
jkp:momentum:vnm,JKP,momentum,heavy,166,False
jkp:momentum:zaf,JKP,momentum,heavy,477,True
jkp:momentum:zwe,JKP,momentum,heavy,23,False
jkp:profit_growth:are,JKP,profit_growth,light,263,False
jkp:profit_growth:arg,JKP,profit_growth,light,187,False
jkp:profit_growth:aus,JKP,profit_growth,light,468,True
jkp:profit_growth:aut,JKP,profit_growth,light,461,True
jkp:profit_growth:bel,JKP,profit_growth,light,468,True
jkp:profit_growth:bgd,JKP,profit_growth,light,48,False
jkp:profit_growth:bhr,JKP,profit_growth,light,12,False
jkp:profit_growth:bra,JKP,profit_growth,light,376,True
jkp:profit_growth:can,JKP,profit_growth,light,526,True
jkp:profit_growth:che,JKP,profit_growth,light,468,True
jkp:profit_growth:chl,JKP,profit_growth,light,432,True
jkp:profit_growth:chn,JKP,profit_growth,light,354,False
jkp:profit_growth:col,JKP,profit_growth,light,251,False
jkp:profit_growth:cyp,JKP,profit_growth,light,2,False
jkp:profit_growth:cze,JKP,profit_growth,light,11,False
jkp:profit_growth:deu,JKP,profit_growth,light,468,True
jkp:profit_growth:dnk,JKP,profit_growth,light,468,True
jkp:profit_growth:egy,JKP,profit_growth,light,106,False
jkp:profit_growth:esp,JKP,profit_growth,light,468,True
jkp:profit_growth:fin,JKP,profit_growth,light,457,True
jkp:profit_growth:fra,JKP,profit_growth,light,468,True
jkp:profit_growth:gbr,JKP,profit_growth,light,480,True
jkp:profit_growth:grc,JKP,profit_growth,light,210,False
jkp:profit_growth:hkg,JKP,profit_growth,light,468,True
jkp:profit_growth:hrv,JKP,profit_growth,light,22,False
jkp:profit_growth:idn,JKP,profit_growth,light,418,True
jkp:profit_growth:ind,JKP,profit_growth,light,436,True
jkp:profit_growth:irl,JKP,profit_growth,light,425,True
jkp:profit_growth:isl,JKP,profit_growth,light,22,False
jkp:profit_growth:isr,JKP,profit_growth,light,359,False
jkp:profit_growth:ita,JKP,profit_growth,light,468,True
jkp:profit_growth:jam,JKP,profit_growth,light,1,False
jkp:profit_growth:jor,JKP,profit_growth,light,17,False
jkp:profit_growth:jpn,JKP,profit_growth,light,480,True
jkp:profit_growth:ken,JKP,profit_growth,light,8,False
jkp:profit_growth:kor,JKP,profit_growth,light,438,True
jkp:profit_growth:kwt,JKP,profit_growth,light,292,False
jkp:profit_growth:lka,JKP,profit_growth,light,3,False
jkp:profit_growth:lux,JKP,profit_growth,light,2,False
jkp:profit_growth:mar,JKP,profit_growth,light,244,False
jkp:profit_growth:mex,JKP,profit_growth,light,440,True
jkp:profit_growth:mys,JKP,profit_growth,light,464,True
jkp:profit_growth:nga,JKP,profit_growth,light,119,False
jkp:profit_growth:nld,JKP,profit_growth,light,468,True
jkp:profit_growth:nor,JKP,profit_growth,light,468,True
jkp:profit_growth:nzl,JKP,profit_growth,light,437,True
jkp:profit_growth:omn,JKP,profit_growth,light,25,False
jkp:profit_growth:pak,JKP,profit_growth,light,199,False
jkp:profit_growth:per,JKP,profit_growth,light,234,False
jkp:profit_growth:phl,JKP,profit_growth,light,251,False
jkp:profit_growth:pol,JKP,profit_growth,light,329,False
jkp:profit_growth:prt,JKP,profit_growth,light,373,True
jkp:profit_growth:qat,JKP,profit_growth,light,254,False
jkp:profit_growth:rou,JKP,profit_growth,light,36,False
jkp:profit_growth:rus,JKP,profit_growth,light,280,False
jkp:profit_growth:sau,JKP,profit_growth,light,290,False
jkp:profit_growth:sgp,JKP,profit_growth,light,468,True
jkp:profit_growth:svn,JKP,profit_growth,light,12,False
jkp:profit_growth:swe,JKP,profit_growth,light,468,True
jkp:profit_growth:tha,JKP,profit_growth,light,438,True
jkp:profit_growth:tto,JKP,profit_growth,light,25,False
jkp:profit_growth:tur,JKP,profit_growth,light,377,True
jkp:profit_growth:twn,JKP,profit_growth,light,443,True
jkp:profit_growth:ukr,JKP,profit_growth,light,21,False
jkp:profit_growth:usa,JKP,profit_growth,light,1188,True
jkp:profit_growth:ven,JKP,profit_growth,light,32,False
jkp:profit_growth:vnm,JKP,profit_growth,light,166,False
jkp:profit_growth:zaf,JKP,profit_growth,light,468,True
jkp:profit_growth:zwe,JKP,profit_growth,light,22,False
jkp:profitability:are,JKP,profitability,heavy,252,False
jkp:profitability:arg,JKP,profitability,heavy,187,False
jkp:profitability:aus,JKP,profitability,heavy,446,True
jkp:profitability:aut,JKP,profitability,heavy,428,True
jkp:profitability:bel,JKP,profitability,heavy,428,True
jkp:profitability:bgd,JKP,profitability,heavy,48,False
jkp:profitability:bhr,JKP,profitability,heavy,12,False
jkp:profitability:bra,JKP,profitability,heavy,268,False
jkp:profitability:can,JKP,profitability,heavy,526,True
jkp:profitability:che,JKP,profitability,heavy,431,True
jkp:profitability:chl,JKP,profitability,heavy,398,True
jkp:profitability:chn,JKP,profitability,heavy,354,False
jkp:profitability:col,JKP,profitability,heavy,251,False
jkp:profitability:cze,JKP,profitability,heavy,7,False
jkp:profitability:deu,JKP,profitability,heavy,440,True
jkp:profitability:dnk,JKP,profitability,heavy,440,True
jkp:profitability:egy,JKP,profitability,heavy,106,False
jkp:profitability:esp,JKP,profitability,heavy,442,True
jkp:profitability:fin,JKP,profitability,heavy,428,True
jkp:profitability:fra,JKP,profitability,heavy,440,True
jkp:profitability:gbr,JKP,profitability,heavy,480,True
jkp:profitability:grc,JKP,profitability,heavy,210,False
jkp:profitability:hkg,JKP,profitability,heavy,439,True
jkp:profitability:hrv,JKP,profitability,heavy,22,False
jkp:profitability:hun,JKP,profitability,heavy,1,False
jkp:profitability:idn,JKP,profitability,heavy,394,True
jkp:profitability:ind,JKP,profitability,heavy,339,False
jkp:profitability:irl,JKP,profitability,heavy,428,True
jkp:profitability:isl,JKP,profitability,heavy,22,False
jkp:profitability:isr,JKP,profitability,heavy,368,True
jkp:profitability:ita,JKP,profitability,heavy,440,True
jkp:profitability:jam,JKP,profitability,heavy,1,False
jkp:profitability:jor,JKP,profitability,heavy,17,False
jkp:profitability:jpn,JKP,profitability,heavy,480,True
jkp:profitability:ken,JKP,profitability,heavy,8,False
jkp:profitability:kor,JKP,profitability,heavy,380,True
jkp:profitability:kwt,JKP,profitability,heavy,296,False
jkp:profitability:lka,JKP,profitability,heavy,3,False
jkp:profitability:lux,JKP,profitability,heavy,2,False
jkp:profitability:mar,JKP,profitability,heavy,244,False
jkp:profitability:mex,JKP,profitability,heavy,404,True
jkp:profitability:mys,JKP,profitability,heavy,437,True
jkp:profitability:nga,JKP,profitability,heavy,119,False
jkp:profitability:nld,JKP,profitability,heavy,440,True
jkp:profitability:nor,JKP,profitability,heavy,428,True
jkp:profitability:nzl,JKP,profitability,heavy,392,True
jkp:profitability:omn,JKP,profitability,heavy,25,False
jkp:profitability:pak,JKP,profitability,heavy,199,False
jkp:profitability:per,JKP,profitability,heavy,234,False
jkp:profitability:phl,JKP,profitability,heavy,251,False
jkp:profitability:pol,JKP,profitability,heavy,335,False
jkp:profitability:prt,JKP,profitability,heavy,351,False
jkp:profitability:qat,JKP,profitability,heavy,259,False
jkp:profitability:rou,JKP,profitability,heavy,36,False
jkp:profitability:rus,JKP,profitability,heavy,279,False
jkp:profitability:sau,JKP,profitability,heavy,290,False
jkp:profitability:sgp,JKP,profitability,heavy,437,True
jkp:profitability:svn,JKP,profitability,heavy,12,False
jkp:profitability:swe,JKP,profitability,heavy,432,True
jkp:profitability:tha,JKP,profitability,heavy,404,True
jkp:profitability:tto,JKP,profitability,heavy,25,False
jkp:profitability:tur,JKP,profitability,heavy,344,False
jkp:profitability:twn,JKP,profitability,heavy,376,True
jkp:profitability:ukr,JKP,profitability,heavy,18,False
jkp:profitability:usa,JKP,profitability,heavy,1197,True
jkp:profitability:ven,JKP,profitability,heavy,15,False
jkp:profitability:vnm,JKP,profitability,heavy,166,False
jkp:profitability:zaf,JKP,profitability,heavy,438,True
jkp:profitability:zwe,JKP,profitability,heavy,23,False
jkp:quality:are,JKP,quality,heavy,263,False
jkp:quality:arg,JKP,quality,heavy,187,False
jkp:quality:aus,JKP,quality,heavy,468,True
jkp:quality:aut,JKP,quality,heavy,461,True
jkp:quality:bel,JKP,quality,heavy,468,True
jkp:quality:bgd,JKP,quality,heavy,48,False
jkp:quality:bhr,JKP,quality,heavy,12,False
jkp:quality:bra,JKP,quality,heavy,376,True
jkp:quality:can,JKP,quality,heavy,526,True
jkp:quality:che,JKP,quality,heavy,468,True
jkp:quality:chl,JKP,quality,heavy,432,True
jkp:quality:chn,JKP,quality,heavy,354,False
jkp:quality:col,JKP,quality,heavy,251,False
jkp:quality:cyp,JKP,quality,heavy,2,False
jkp:quality:cze,JKP,quality,heavy,11,False
jkp:quality:deu,JKP,quality,heavy,468,True
jkp:quality:dnk,JKP,quality,heavy,468,True
jkp:quality:egy,JKP,quality,heavy,106,False
jkp:quality:esp,JKP,quality,heavy,468,True
jkp:quality:fin,JKP,quality,heavy,457,True
jkp:quality:fra,JKP,quality,heavy,468,True
jkp:quality:gbr,JKP,quality,heavy,480,True
jkp:quality:grc,JKP,quality,heavy,210,False
jkp:quality:hkg,JKP,quality,heavy,468,True
jkp:quality:hrv,JKP,quality,heavy,24,False
jkp:quality:idn,JKP,quality,heavy,418,True
jkp:quality:ind,JKP,quality,heavy,436,True
jkp:quality:irl,JKP,quality,heavy,431,True
jkp:quality:isl,JKP,quality,heavy,22,False
jkp:quality:isr,JKP,quality,heavy,368,True
jkp:quality:ita,JKP,quality,heavy,468,True
jkp:quality:jam,JKP,quality,heavy,1,False
jkp:quality:jor,JKP,quality,heavy,17,False
jkp:quality:jpn,JKP,quality,heavy,480,True
jkp:quality:ken,JKP,quality,heavy,8,False
jkp:quality:kor,JKP,quality,heavy,438,True
jkp:quality:kwt,JKP,quality,heavy,296,False
jkp:quality:lka,JKP,quality,heavy,3,False
jkp:quality:lux,JKP,quality,heavy,6,False
jkp:quality:mar,JKP,quality,heavy,244,False
jkp:quality:mex,JKP,quality,heavy,439,True
jkp:quality:mys,JKP,quality,heavy,464,True
jkp:quality:nga,JKP,quality,heavy,119,False
jkp:quality:nld,JKP,quality,heavy,468,True
jkp:quality:nor,JKP,quality,heavy,468,True
jkp:quality:nzl,JKP,quality,heavy,437,True
jkp:quality:omn,JKP,quality,heavy,25,False
jkp:quality:pak,JKP,quality,heavy,212,False
jkp:quality:per,JKP,quality,heavy,234,False
jkp:quality:phl,JKP,quality,heavy,251,False
jkp:quality:pol,JKP,quality,heavy,332,False
jkp:quality:prt,JKP,quality,heavy,374,True
jkp:quality:qat,JKP,quality,heavy,259,False
jkp:quality:rou,JKP,quality,heavy,36,False
jkp:quality:rus,JKP,quality,heavy,280,False
jkp:quality:sau,JKP,quality,heavy,290,False
jkp:quality:sgp,JKP,quality,heavy,468,True
jkp:quality:svn,JKP,quality,heavy,12,False
jkp:quality:swe,JKP,quality,heavy,468,True
jkp:quality:tha,JKP,quality,heavy,438,True
jkp:quality:tto,JKP,quality,heavy,25,False
jkp:quality:tur,JKP,quality,heavy,377,True
jkp:quality:twn,JKP,quality,heavy,443,True
jkp:quality:ukr,JKP,quality,heavy,19,False
jkp:quality:usa,JKP,quality,heavy,1188,True
jkp:quality:ven,JKP,quality,heavy,34,False
jkp:quality:vnm,JKP,quality,heavy,166,False
jkp:quality:zaf,JKP,quality,heavy,468,True
jkp:quality:zwe,JKP,quality,heavy,22,False
jkp:seasonality:are,JKP,seasonality,light,252,False
jkp:seasonality:arg,JKP,seasonality,light,187,False
jkp:seasonality:aus,JKP,seasonality,light,479,True
jkp:seasonality:aut,JKP,seasonality,light,442,True
jkp:seasonality:bel,JKP,seasonality,light,479,True
jkp:seasonality:bgd,JKP,seasonality,light,48,False
jkp:seasonality:bhr,JKP,seasonality,light,12,False
jkp:seasonality:bra,JKP,seasonality,light,268,False
jkp:seasonality:can,JKP,seasonality,light,526,True
jkp:seasonality:che,JKP,seasonality,light,479,True
jkp:seasonality:chl,JKP,seasonality,light,401,True
jkp:seasonality:chn,JKP,seasonality,light,354,False
jkp:seasonality:col,JKP,seasonality,light,246,False
jkp:seasonality:cyp,JKP,seasonality,light,1,False
jkp:seasonality:cze,JKP,seasonality,light,12,False
jkp:seasonality:deu,JKP,seasonality,light,479,True
jkp:seasonality:dnk,JKP,seasonality,light,451,True
jkp:seasonality:egy,JKP,seasonality,light,106,False
jkp:seasonality:esp,JKP,seasonality,light,472,True
jkp:seasonality:fin,JKP,seasonality,light,429,True
jkp:seasonality:fra,JKP,seasonality,light,479,True
jkp:seasonality:gbr,JKP,seasonality,light,480,True
jkp:seasonality:grc,JKP,seasonality,light,212,False
jkp:seasonality:hkg,JKP,seasonality,light,473,True
jkp:seasonality:hrv,JKP,seasonality,light,22,False
jkp:seasonality:hun,JKP,seasonality,light,2,False
jkp:seasonality:idn,JKP,seasonality,light,394,True
jkp:seasonality:ind,JKP,seasonality,light,394,True
jkp:seasonality:irl,JKP,seasonality,light,428,True
jkp:seasonality:isl,JKP,seasonality,light,22,False
jkp:seasonality:isr,JKP,seasonality,light,370,True
jkp:seasonality:ita,JKP,seasonality,light,479,True
jkp:seasonality:jam,JKP,seasonality,light,1,False
jkp:seasonality:jor,JKP,seasonality,light,17,False
jkp:seasonality:jpn,JKP,seasonality,light,480,True
jkp:seasonality:ken,JKP,seasonality,light,8,False
jkp:seasonality:kor,JKP,seasonality,light,413,True
jkp:seasonality:kwt,JKP,seasonality,light,296,False
jkp:seasonality:lka,JKP,seasonality,light,3,False
jkp:seasonality:lux,JKP,seasonality,light,2,False
jkp:seasonality:mar,JKP,seasonality,light,244,False
jkp:seasonality:mex,JKP,seasonality,light,407,True
jkp:seasonality:mys,JKP,seasonality,light,441,True
jkp:seasonality:nga,JKP,seasonality,light,119,False
jkp:seasonality:nld,JKP,seasonality,light,479,True
jkp:seasonality:nor,JKP,seasonality,light,461,True
jkp:seasonality:nzl,JKP,seasonality,light,416,True
jkp:seasonality:omn,JKP,seasonality,light,25,False
jkp:seasonality:pak,JKP,seasonality,light,199,False
jkp:seasonality:per,JKP,seasonality,light,234,False
jkp:seasonality:phl,JKP,seasonality,light,251,False
jkp:seasonality:pol,JKP,seasonality,light,340,False
jkp:seasonality:prt,JKP,seasonality,light,355,False
jkp:seasonality:qat,JKP,seasonality,light,259,False
jkp:seasonality:rou,JKP,seasonality,light,36,False
jkp:seasonality:rus,JKP,seasonality,light,280,False
jkp:seasonality:sau,JKP,seasonality,light,290,False
jkp:seasonality:sgp,JKP,seasonality,light,475,True
jkp:seasonality:svn,JKP,seasonality,light,12,False
jkp:seasonality:swe,JKP,seasonality,light,479,True
jkp:seasonality:tha,JKP,seasonality,light,441,True
jkp:seasonality:tto,JKP,seasonality,light,22,False
jkp:seasonality:tur,JKP,seasonality,light,393,True
jkp:seasonality:twn,JKP,seasonality,light,455,True
jkp:seasonality:ukr,JKP,seasonality,light,18,False
jkp:seasonality:usa,JKP,seasonality,light,1199,True
jkp:seasonality:ven,JKP,seasonality,light,6,False
jkp:seasonality:vnm,JKP,seasonality,light,166,False
jkp:seasonality:zaf,JKP,seasonality,light,443,True
jkp:seasonality:zwe,JKP,seasonality,light,22,False
jkp:short_term_reversal:are,JKP,short_term_reversal,light,268,False
jkp:short_term_reversal:arg,JKP,short_term_reversal,light,187,False
jkp:short_term_reversal:aus,JKP,short_term_reversal,light,479,True
jkp:short_term_reversal:aut,JKP,short_term_reversal,light,461,True
jkp:short_term_reversal:bel,JKP,short_term_reversal,light,479,True
jkp:short_term_reversal:bgd,JKP,short_term_reversal,light,47,False
jkp:short_term_reversal:bhr,JKP,short_term_reversal,light,12,False
jkp:short_term_reversal:bra,JKP,short_term_reversal,light,377,True
jkp:short_term_reversal:can,JKP,short_term_reversal,light,525,True
jkp:short_term_reversal:che,JKP,short_term_reversal,light,479,True
jkp:short_term_reversal:chl,JKP,short_term_reversal,light,442,True
jkp:short_term_reversal:chn,JKP,short_term_reversal,light,354,False
jkp:short_term_reversal:col,JKP,short_term_reversal,light,251,False
jkp:short_term_reversal:cyp,JKP,short_term_reversal,light,2,False
jkp:short_term_reversal:cze,JKP,short_term_reversal,light,22,False
jkp:short_term_reversal:deu,JKP,short_term_reversal,light,479,True
jkp:short_term_reversal:dnk,JKP,short_term_reversal,light,479,True
jkp:short_term_reversal:egy,JKP,short_term_reversal,light,106,False
jkp:short_term_reversal:esp,JKP,short_term_reversal,light,479,True
jkp:short_term_reversal:fin,JKP,short_term_reversal,light,467,True
jkp:short_term_reversal:fra,JKP,short_term_reversal,light,479,True
jkp:short_term_reversal:gbr,JKP,short_term_reversal,light,479,True
jkp:short_term_reversal:grc,JKP,short_term_reversal,light,212,False
jkp:short_term_reversal:hkg,JKP,short_term_reversal,light,479,True
jkp:short_term_reversal:hrv,JKP,short_term_reversal,light,23,False
jkp:short_term_reversal:hun,JKP,short_term_reversal,light,4,False
jkp:short_term_reversal:idn,JKP,short_term_reversal,light,429,True
jkp:short_term_reversal:ind,JKP,short_term_reversal,light,447,True
jkp:short_term_reversal:irl,JKP,short_term_reversal,light,434,True
jkp:short_term_reversal:irn,JKP,short_term_reversal,light,4,False
jkp:short_term_reversal:isl,JKP,short_term_reversal,light,22,False
jkp:short_term_reversal:isr,JKP,short_term_reversal,light,370,True
jkp:short_term_reversal:ita,JKP,short_term_reversal,light,479,True
jkp:short_term_reversal:jam,JKP,short_term_reversal,light,1,False
jkp:short_term_reversal:jor,JKP,short_term_reversal,light,17,False
jkp:short_term_reversal:jpn,JKP,short_term_reversal,light,479,True
jkp:short_term_reversal:ken,JKP,short_term_reversal,light,8,False
jkp:short_term_reversal:kor,JKP,short_term_reversal,light,449,True
jkp:short_term_reversal:kwt,JKP,short_term_reversal,light,296,False
jkp:short_term_reversal:lka,JKP,short_term_reversal,light,3,False
jkp:short_term_reversal:lux,JKP,short_term_reversal,light,8,False
jkp:short_term_reversal:mar,JKP,short_term_reversal,light,244,False
jkp:short_term_reversal:mex,JKP,short_term_reversal,light,439,True
jkp:short_term_reversal:mys,JKP,short_term_reversal,light,467,True
jkp:short_term_reversal:nga,JKP,short_term_reversal,light,118,False
jkp:short_term_reversal:nld,JKP,short_term_reversal,light,479,True
jkp:short_term_reversal:nor,JKP,short_term_reversal,light,479,True
jkp:short_term_reversal:nzl,JKP,short_term_reversal,light,476,True
jkp:short_term_reversal:omn,JKP,short_term_reversal,light,25,False
jkp:short_term_reversal:pak,JKP,short_term_reversal,light,212,False
jkp:short_term_reversal:per,JKP,short_term_reversal,light,234,False
jkp:short_term_reversal:phl,JKP,short_term_reversal,light,251,False
jkp:short_term_reversal:pol,JKP,short_term_reversal,light,340,False
jkp:short_term_reversal:prt,JKP,short_term_reversal,light,375,True
jkp:short_term_reversal:qat,JKP,short_term_reversal,light,258,False
jkp:short_term_reversal:rou,JKP,short_term_reversal,light,36,False
jkp:short_term_reversal:rus,JKP,short_term_reversal,light,280,False
jkp:short_term_reversal:sau,JKP,short_term_reversal,light,289,False
jkp:short_term_reversal:sgp,JKP,short_term_reversal,light,479,True
jkp:short_term_reversal:svn,JKP,short_term_reversal,light,12,False
jkp:short_term_reversal:swe,JKP,short_term_reversal,light,479,True
jkp:short_term_reversal:tha,JKP,short_term_reversal,light,449,True
jkp:short_term_reversal:tto,JKP,short_term_reversal,light,25,False
jkp:short_term_reversal:tur,JKP,short_term_reversal,light,394,True
jkp:short_term_reversal:twn,JKP,short_term_reversal,light,455,True
jkp:short_term_reversal:ukr,JKP,short_term_reversal,light,22,False
jkp:short_term_reversal:usa,JKP,short_term_reversal,light,1199,True
jkp:short_term_reversal:ven,JKP,short_term_reversal,light,35,False
jkp:short_term_reversal:vnm,JKP,short_term_reversal,light,166,False
jkp:short_term_reversal:zaf,JKP,short_term_reversal,light,479,True
jkp:short_term_reversal:zwe,JKP,short_term_reversal,light,23,False
jkp:size:are,JKP,size,heavy,268,False
jkp:size:arg,JKP,size,heavy,187,False
jkp:size:aus,JKP,size,heavy,480,True
jkp:size:aut,JKP,size,heavy,461,True
jkp:size:bel,JKP,size,heavy,480,True
jkp:size:bgd,JKP,size,heavy,48,False
jkp:size:bhr,JKP,size,heavy,12,False
jkp:size:bra,JKP,size,heavy,377,True
jkp:size:can,JKP,size,heavy,526,True
jkp:size:che,JKP,size,heavy,480,True
jkp:size:chl,JKP,size,heavy,444,True
jkp:size:chn,JKP,size,heavy,354,False
jkp:size:col,JKP,size,heavy,251,False
jkp:size:cyp,JKP,size,heavy,2,False
jkp:size:cze,JKP,size,heavy,23,False
jkp:size:deu,JKP,size,heavy,480,True
jkp:size:dnk,JKP,size,heavy,480,True
jkp:size:egy,JKP,size,heavy,106,False
jkp:size:esp,JKP,size,heavy,480,True
jkp:size:fin,JKP,size,heavy,468,True
jkp:size:fra,JKP,size,heavy,480,True
jkp:size:gbr,JKP,size,heavy,480,True
jkp:size:grc,JKP,size,heavy,213,False
jkp:size:hkg,JKP,size,heavy,480,True
jkp:size:hrv,JKP,size,heavy,24,False
jkp:size:hun,JKP,size,heavy,5,False
jkp:size:idn,JKP,size,heavy,430,True
jkp:size:ind,JKP,size,heavy,448,True
jkp:size:irl,JKP,size,heavy,434,True
jkp:size:irn,JKP,size,heavy,5,False
jkp:size:isl,JKP,size,heavy,22,False
jkp:size:isr,JKP,size,heavy,371,True
jkp:size:ita,JKP,size,heavy,480,True
jkp:size:jam,JKP,size,heavy,1,False
jkp:size:jor,JKP,size,heavy,17,False
jkp:size:jpn,JKP,size,heavy,480,True
jkp:size:ken,JKP,size,heavy,8,False
jkp:size:kor,JKP,size,heavy,450,True
jkp:size:kwt,JKP,size,heavy,297,False
jkp:size:lka,JKP,size,heavy,3,False
jkp:size:lux,JKP,size,heavy,9,False
jkp:size:mar,JKP,size,heavy,244,False
jkp:size:mex,JKP,size,heavy,440,True
jkp:size:mys,JKP,size,heavy,468,True
jkp:size:nga,JKP,size,heavy,119,False
jkp:size:nld,JKP,size,heavy,480,True
jkp:size:nor,JKP,size,heavy,480,True
jkp:size:nzl,JKP,size,heavy,478,True
jkp:size:omn,JKP,size,heavy,25,False
jkp:size:pak,JKP,size,heavy,212,False
jkp:size:per,JKP,size,heavy,234,False
jkp:size:phl,JKP,size,heavy,251,False
jkp:size:pol,JKP,size,heavy,341,False
jkp:size:prt,JKP,size,heavy,376,True
jkp:size:qat,JKP,size,heavy,259,False
jkp:size:rou,JKP,size,heavy,36,False
jkp:size:rus,JKP,size,heavy,280,False
jkp:size:sau,JKP,size,heavy,290,False
jkp:size:sgp,JKP,size,heavy,480,True
jkp:size:svn,JKP,size,heavy,12,False
jkp:size:swe,JKP,size,heavy,480,True
jkp:size:tha,JKP,size,heavy,450,True
jkp:size:tto,JKP,size,heavy,25,False
jkp:size:tur,JKP,size,heavy,394,True
jkp:size:twn,JKP,size,heavy,455,True
jkp:size:ukr,JKP,size,heavy,22,False
jkp:size:usa,JKP,size,heavy,1200,True
jkp:size:ven,JKP,size,heavy,35,False
jkp:size:vnm,JKP,size,heavy,166,False
jkp:size:zaf,JKP,size,heavy,480,True
jkp:size:zwe,JKP,size,heavy,23,False
jkp:value:are,JKP,value,heavy,263,False
jkp:value:arg,JKP,value,heavy,187,False
jkp:value:aus,JKP,value,heavy,469,True
jkp:value:aut,JKP,value,heavy,461,True
jkp:value:bel,JKP,value,heavy,469,True
jkp:value:bgd,JKP,value,heavy,48,False
jkp:value:bhr,JKP,value,heavy,12,False
jkp:value:bra,JKP,value,heavy,376,True
jkp:value:can,JKP,value,heavy,526,True
jkp:value:che,JKP,value,heavy,468,True
jkp:value:chl,JKP,value,heavy,432,True
jkp:value:chn,JKP,value,heavy,354,False
jkp:value:col,JKP,value,heavy,251,False
jkp:value:cyp,JKP,value,heavy,2,False
jkp:value:cze,JKP,value,heavy,11,False
jkp:value:deu,JKP,value,heavy,469,True
jkp:value:dnk,JKP,value,heavy,468,True
jkp:value:egy,JKP,value,heavy,106,False
jkp:value:esp,JKP,value,heavy,469,True
jkp:value:fin,JKP,value,heavy,457,True
jkp:value:fra,JKP,value,heavy,469,True
jkp:value:gbr,JKP,value,heavy,480,True
jkp:value:grc,JKP,value,heavy,210,False
jkp:value:hkg,JKP,value,heavy,469,True
jkp:value:hrv,JKP,value,heavy,24,False
jkp:value:idn,JKP,value,heavy,418,True
jkp:value:ind,JKP,value,heavy,437,True
jkp:value:irl,JKP,value,heavy,431,True
jkp:value:isl,JKP,value,heavy,22,False
jkp:value:isr,JKP,value,heavy,368,True
jkp:value:ita,JKP,value,heavy,469,True
jkp:value:jam,JKP,value,heavy,1,False
jkp:value:jor,JKP,value,heavy,17,False
jkp:value:jpn,JKP,value,heavy,480,True
jkp:value:ken,JKP,value,heavy,8,False
jkp:value:kor,JKP,value,heavy,429,True
jkp:value:kwt,JKP,value,heavy,296,False
jkp:value:lka,JKP,value,heavy,3,False
jkp:value:lux,JKP,value,heavy,2,False
jkp:value:mar,JKP,value,heavy,244,False
jkp:value:mex,JKP,value,heavy,429,True
jkp:value:mys,JKP,value,heavy,464,True
jkp:value:nga,JKP,value,heavy,119,False
jkp:value:nld,JKP,value,heavy,469,True
jkp:value:nor,JKP,value,heavy,468,True
jkp:value:nzl,JKP,value,heavy,437,True
jkp:value:omn,JKP,value,heavy,25,False
jkp:value:pak,JKP,value,heavy,199,False
jkp:value:per,JKP,value,heavy,234,False
jkp:value:phl,JKP,value,heavy,251,False
jkp:value:pol,JKP,value,heavy,330,False
jkp:value:prt,JKP,value,heavy,364,True
jkp:value:qat,JKP,value,heavy,259,False
jkp:value:rou,JKP,value,heavy,36,False
jkp:value:rus,JKP,value,heavy,280,False
jkp:value:sau,JKP,value,heavy,290,False
jkp:value:sgp,JKP,value,heavy,469,True
jkp:value:svn,JKP,value,heavy,12,False
jkp:value:swe,JKP,value,heavy,468,True
jkp:value:tha,JKP,value,heavy,438,True
jkp:value:tto,JKP,value,heavy,25,False
jkp:value:tur,JKP,value,heavy,377,True
jkp:value:twn,JKP,value,heavy,443,True
jkp:value:ukr,JKP,value,heavy,21,False
jkp:value:usa,JKP,value,heavy,1189,True
jkp:value:ven,JKP,value,heavy,32,False
jkp:value:vnm,JKP,value,heavy,166,False
jkp:value:zaf,JKP,value,heavy,469,True
jkp:value:zwe,JKP,value,heavy,22,False
jkp:mkt:are,JKP,market,market,295,False
jkp:mkt:arg,JKP,market,market,448,True
jkp:mkt:aus,JKP,market,market,482,True
jkp:mkt:aut,JKP,market,market,480,True
jkp:mkt:bel,JKP,market,market,480,True
jkp:mkt:bgd,JKP,market,market,284,False
jkp:mkt:bgr,JKP,market,market,230,False
jkp:mkt:bhr,JKP,market,market,285,False
jkp:mkt:bmu,JKP,market,market,194,False
jkp:mkt:bra,JKP,market,market,447,True
jkp:mkt:bwa,JKP,market,market,328,False
jkp:mkt:can,JKP,market,market,526,True
jkp:mkt:che,JKP,market,market,480,True
jkp:mkt:chl,JKP,market,market,444,True
jkp:mkt:chn,JKP,market,market,419,True
jkp:mkt:civ,JKP,market,market,284,False
jkp:mkt:col,JKP,market,market,444,True
jkp:mkt:cyp,JKP,market,market,384,True
jkp:mkt:cze,JKP,market,market,372,True
jkp:mkt:deu,JKP,market,market,480,True
jkp:mkt:dnk,JKP,market,market,480,True
jkp:mkt:ecu,JKP,market,market,169,False
jkp:mkt:egy,JKP,market,market,177,False
jkp:mkt:esp,JKP,market,market,480,True
jkp:mkt:est,JKP,market,market,360,True
jkp:mkt:fin,JKP,market,market,480,True
jkp:mkt:fra,JKP,market,market,480,True
jkp:mkt:gbr,JKP,market,market,480,True
jkp:mkt:ggy,JKP,market,market,14,False
jkp:mkt:gha,JKP,market,market,275,False
jkp:mkt:grc,JKP,market,market,322,False
jkp:mkt:hkg,JKP,market,market,480,True
jkp:mkt:hrv,JKP,market,market,338,False
jkp:mkt:hun,JKP,market,market,391,True
jkp:mkt:idn,JKP,market,market,444,True
jkp:mkt:ind,JKP,market,market,448,True
jkp:mkt:irl,JKP,market,market,480,True
jkp:mkt:irn,JKP,market,market,61,False
jkp:mkt:isl,JKP,market,market,361,True
jkp:mkt:isr,JKP,market,market,373,True
jkp:mkt:ita,JKP,market,market,480,True
jkp:mkt:jam,JKP,market,market,357,False
jkp:mkt:jor,JKP,market,market,320,False
jkp:mkt:jpn,JKP,market,market,480,True
jkp:mkt:kaz,JKP,market,market,199,False
jkp:mkt:ken,JKP,market,market,386,True
jkp:mkt:kor,JKP,market,market,479,True
jkp:mkt:kwt,JKP,market,market,297,False
jkp:mkt:lbn,JKP,market,market,337,False
jkp:mkt:lka,JKP,market,market,393,True
jkp:mkt:ltu,JKP,market,market,343,False
jkp:mkt:lux,JKP,market,market,480,True
jkp:mkt:lva,JKP,market,market,338,False
jkp:mkt:mar,JKP,market,market,364,True
jkp:mkt:mex,JKP,market,market,479,True
jkp:mkt:mlt,JKP,market,market,365,True
jkp:mkt:mus,JKP,market,market,365,True
jkp:mkt:mwi,JKP,market,market,190,False
jkp:mkt:mys,JKP,market,market,480,True
jkp:mkt:nam,JKP,market,market,254,False
jkp:mkt:nga,JKP,market,market,307,False
jkp:mkt:nld,JKP,market,market,480,True
jkp:mkt:nor,JKP,market,market,480,True
jkp:mkt:nzl,JKP,market,market,480,True
jkp:mkt:omn,JKP,market,market,308,False
jkp:mkt:pak,JKP,market,market,400,True
jkp:mkt:per,JKP,market,market,432,True
jkp:mkt:phl,JKP,market,market,480,True
jkp:mkt:pol,JKP,market,market,390,True
jkp:mkt:prt,JKP,market,market,455,True
jkp:mkt:pse,JKP,market,market,140,False
jkp:mkt:qat,JKP,market,market,259,False
jkp:mkt:rou,JKP,market,market,338,False
jkp:mkt:rus,JKP,market,market,324,False
jkp:mkt:sau,JKP,market,market,308,False
jkp:mkt:sgp,JKP,market,market,480,True
jkp:mkt:srb,JKP,market,market,196,False
jkp:mkt:svk,JKP,market,market,364,True
jkp:mkt:svn,JKP,market,market,370,True
jkp:mkt:swe,JKP,market,market,480,True
jkp:mkt:tha,JKP,market,market,474,True
jkp:mkt:tto,JKP,market,market,239,False
jkp:mkt:tun,JKP,market,market,364,True
jkp:mkt:tur,JKP,market,market,430,True
jkp:mkt:twn,JKP,market,market,455,True
jkp:mkt:tza,JKP,market,market,306,False
jkp:mkt:uga,JKP,market,market,171,False
jkp:mkt:ukr,JKP,market,market,164,False
jkp:mkt:ury,JKP,market,market,2,False
jkp:mkt:usa,JKP,market,market,1200,True
jkp:mkt:ven,JKP,market,market,444,True
jkp:mkt:vnm,JKP,market,market,233,False
jkp:mkt:zaf,JKP,market,market,480,True
jkp:mkt:zmb,JKP,market,market,299,False
jkp:mkt:zwe,JKP,market,market,160,False
devil:MKT:AUS,AQR-Devil,market,market,487,True
devil:MKT:AUT,AQR-Devil,market,market,485,True
devil:MKT:BEL,AQR-Devil,market,market,485,True
devil:MKT:CAN,AQR-Devil,market,market,509,True
devil:MKT:CHE,AQR-Devil,market,market,485,True
devil:MKT:DEU,AQR-Devil,market,market,485,True
devil:MKT:DNK,AQR-Devil,market,market,485,True
devil:MKT:ESP,AQR-Devil,market,market,485,True
devil:MKT:FIN,AQR-Devil,market,market,485,True
devil:MKT:FRA,AQR-Devil,market,market,485,True
devil:MKT:GBR,AQR-Devil,market,market,485,True
devil:MKT:GRC,AQR-Devil,market,market,453,True
devil:MKT:HKG,AQR-Devil,market,market,485,True
devil:MKT:IRL,AQR-Devil,market,market,485,True
devil:MKT:ISR,AQR-Devil,market,market,378,True
devil:MKT:ITA,AQR-Devil,market,market,485,True
devil:MKT:JPN,AQR-Devil,market,market,485,True
devil:MKT:NLD,AQR-Devil,market,market,485,True
devil:MKT:NOR,AQR-Devil,market,market,485,True
devil:MKT:NZL,AQR-Devil,market,market,485,True
devil:MKT:PRT,AQR-Devil,market,market,460,True
devil:MKT:SGP,AQR-Devil,market,market,485,True
devil:MKT:SWE,AQR-Devil,market,market,485,True
devil:MKT:USA,AQR-Devil,market,market,1199,True
devil:MKT:Global,AQR-Devil,market,market,509,True
devil:MKT:Global Ex USA,AQR-Devil,market,market,509,True
devil:MKT:Europe,AQR-Devil,market,market,485,True
devil:MKT:North America,AQR-Devil,market,market,509,True
devil:MKT:Pacific,AQR-Devil,market,market,487,True
devil:SMB:AUS,AQR-Devil,size,heavy,431,True
devil:SMB:AUT,AQR-Devil,size,heavy,431,True
devil:SMB:BEL,AQR-Devil,size,heavy,431,True
devil:SMB:CAN,AQR-Devil,size,heavy,503,True
devil:SMB:CHE,AQR-Devil,size,heavy,431,True
devil:SMB:DEU,AQR-Devil,size,heavy,431,True
devil:SMB:DNK,AQR-Devil,size,heavy,431,True
devil:SMB:ESP,AQR-Devil,size,heavy,431,True
devil:SMB:FIN,AQR-Devil,size,heavy,431,True
devil:SMB:FRA,AQR-Devil,size,heavy,431,True
devil:SMB:GBR,AQR-Devil,size,heavy,455,True
devil:SMB:GRC,AQR-Devil,size,heavy,359,False
devil:SMB:HKG,AQR-Devil,size,heavy,431,True
devil:SMB:IRL,AQR-Devil,size,heavy,431,True
devil:SMB:ISR,AQR-Devil,size,heavy,359,False
devil:SMB:ITA,AQR-Devil,size,heavy,431,True
devil:SMB:JPN,AQR-Devil,size,heavy,455,True
devil:SMB:NLD,AQR-Devil,size,heavy,431,True
devil:SMB:NOR,AQR-Devil,size,heavy,431,True
devil:SMB:NZL,AQR-Devil,size,heavy,431,True
devil:SMB:PRT,AQR-Devil,size,heavy,394,True
devil:SMB:SGP,AQR-Devil,size,heavy,431,True
devil:SMB:SWE,AQR-Devil,size,heavy,431,True
devil:SMB:USA,AQR-Devil,size,heavy,1199,True
devil:SMB:Global,AQR-Devil,size,heavy,503,True
devil:SMB:Global Ex USA,AQR-Devil,size,heavy,503,True
devil:SMB:Europe,AQR-Devil,size,heavy,455,True
devil:SMB:North America,AQR-Devil,size,heavy,503,True
devil:SMB:Pacific,AQR-Devil,size,heavy,455,True
devil:HML FF:AUS,AQR-Devil,value,heavy,431,True
devil:HML FF:AUT,AQR-Devil,value,heavy,431,True
devil:HML FF:BEL,AQR-Devil,value,heavy,431,True
devil:HML FF:CAN,AQR-Devil,value,heavy,503,True
devil:HML FF:CHE,AQR-Devil,value,heavy,431,True
devil:HML FF:DEU,AQR-Devil,value,heavy,431,True
devil:HML FF:DNK,AQR-Devil,value,heavy,431,True
devil:HML FF:ESP,AQR-Devil,value,heavy,407,True
devil:HML FF:FIN,AQR-Devil,value,heavy,431,True
devil:HML FF:FRA,AQR-Devil,value,heavy,431,True
devil:HML FF:GBR,AQR-Devil,value,heavy,455,True
devil:HML FF:GRC,AQR-Devil,value,heavy,347,False
devil:HML FF:HKG,AQR-Devil,value,heavy,431,True
devil:HML FF:IRL,AQR-Devil,value,heavy,362,True
devil:HML FF:ISR,AQR-Devil,value,heavy,347,False
devil:HML FF:ITA,AQR-Devil,value,heavy,431,True
devil:HML FF:JPN,AQR-Devil,value,heavy,455,True
devil:HML FF:NLD,AQR-Devil,value,heavy,431,True
devil:HML FF:NOR,AQR-Devil,value,heavy,431,True
devil:HML FF:NZL,AQR-Devil,value,heavy,412,True
devil:HML FF:PRT,AQR-Devil,value,heavy,371,True
devil:HML FF:SGP,AQR-Devil,value,heavy,431,True
devil:HML FF:SWE,AQR-Devil,value,heavy,431,True
devil:HML FF:USA,AQR-Devil,value,heavy,1199,True
devil:HML FF:Global,AQR-Devil,value,heavy,503,True
devil:HML FF:Global Ex USA,AQR-Devil,value,heavy,503,True
devil:HML FF:Europe,AQR-Devil,value,heavy,455,True
devil:HML FF:North America,AQR-Devil,value,heavy,503,True
devil:HML FF:Pacific,AQR-Devil,value,heavy,455,True
devil:UMD:AUS,AQR-Devil,momentum,heavy,475,True
devil:UMD:AUT,AQR-Devil,momentum,heavy,473,True
devil:UMD:BEL,AQR-Devil,momentum,heavy,473,True
devil:UMD:CAN,AQR-Devil,momentum,heavy,497,True
devil:UMD:CHE,AQR-Devil,momentum,heavy,473,True
devil:UMD:DEU,AQR-Devil,momentum,heavy,473,True
devil:UMD:DNK,AQR-Devil,momentum,heavy,473,True
devil:UMD:ESP,AQR-Devil,momentum,heavy,473,True
devil:UMD:FIN,AQR-Devil,momentum,heavy,473,True
devil:UMD:FRA,AQR-Devil,momentum,heavy,473,True
devil:UMD:GBR,AQR-Devil,momentum,heavy,473,True
devil:UMD:GRC,AQR-Devil,momentum,heavy,441,True
devil:UMD:HKG,AQR-Devil,momentum,heavy,473,True
devil:UMD:IRL,AQR-Devil,momentum,heavy,436,True
devil:UMD:ISR,AQR-Devil,momentum,heavy,364,True
devil:UMD:ITA,AQR-Devil,momentum,heavy,473,True
devil:UMD:JPN,AQR-Devil,momentum,heavy,473,True
devil:UMD:NLD,AQR-Devil,momentum,heavy,473,True
devil:UMD:NOR,AQR-Devil,momentum,heavy,473,True
devil:UMD:NZL,AQR-Devil,momentum,heavy,473,True
devil:UMD:PRT,AQR-Devil,momentum,heavy,445,True
devil:UMD:SGP,AQR-Devil,momentum,heavy,473,True
devil:UMD:SWE,AQR-Devil,momentum,heavy,473,True
devil:UMD:USA,AQR-Devil,momentum,heavy,1193,True
devil:UMD:Global,AQR-Devil,momentum,heavy,497,True
devil:UMD:Global Ex USA,AQR-Devil,momentum,heavy,497,True
devil:UMD:Europe,AQR-Devil,momentum,heavy,473,True
devil:UMD:North America,AQR-Devil,momentum,heavy,497,True
devil:UMD:Pacific,AQR-Devil,momentum,heavy,475,True
century:US Stock Selection Value,AQR-Century,value,heavy,1196,True
century:US Stock Selection Momentum,AQR-Century,momentum,heavy,1190,True
century:US Stock Selection Defensive,AQR-Century,low_risk,heavy,1143,True
century:US Stock Selection Multi-style,AQR-Century,unclassified,none,1196,True
century:Intl Stock Selection Value,AQR-Century,value,heavy,500,True
century:Intl Stock Selection Momentum,AQR-Century,momentum,heavy,494,True
century:Intl Stock Selection Defensive,AQR-Century,low_risk,heavy,469,True
century:Intl Stock Selection Multi-style,AQR-Century,unclassified,none,500,True
century:Equity indices Value,AQR-Century,value,heavy,1196,True
century:Equity indices Momentum,AQR-Century,momentum,heavy,1196,True
century:Equity indices Carry,AQR-Century,unclassified,none,1196,True
century:Equity indices Defensive,AQR-Century,low_risk,heavy,1196,True
century:Equity indices Multi-style,AQR-Century,unclassified,none,1196,True
century:Fixed income Value,AQR-Century,value,heavy,1196,True
century:Fixed income Momentum,AQR-Century,momentum,heavy,1196,True
century:Fixed income Carry,AQR-Century,unclassified,none,1196,True
century:Fixed income Defensive,AQR-Century,low_risk,heavy,1196,True
century:Fixed income Multi-style,AQR-Century,unclassified,none,1196,True
century:Currencies Value,AQR-Century,value,heavy,623,True
century:Currencies Momentum,AQR-Century,momentum,heavy,625,True
century:Currencies Carry,AQR-Century,unclassified,none,625,True
century:Currencies Multi-style,AQR-Century,unclassified,none,625,True
century:Commodities Value,AQR-Century,value,heavy,918,True
century:Commodities Momentum,AQR-Century,momentum,heavy,918,True
century:Commodities Carry,AQR-Century,unclassified,none,918,True
century:Commodities Multi-style,AQR-Century,unclassified,none,918,True
century:All Stock Selection Value,AQR-Century,value,heavy,1196,True
century:All Stock Selection Momentum,AQR-Century,momentum,heavy,1190,True
century:All Stock Selection Defensive,AQR-Century,low_risk,heavy,1143,True
century:All Stock Selection Multi-style,AQR-Century,unclassified,none,1196,True
century:All Macro Value,AQR-Century,value,heavy,1196,True
century:All Macro Momentum,AQR-Century,momentum,heavy,1196,True
century:All Macro Carry,AQR-Century,unclassified,none,1196,True
century:All Macro Defensive,AQR-Century,low_risk,heavy,1196,True
century:All Macro Multi-style,AQR-Century,unclassified,none,1196,True
century:All asset classes Value,AQR-Century,value,heavy,1196,True
century:All asset classes Momentum,AQR-Century,momentum,heavy,1196,True
century:All asset classes Carry,AQR-Century,unclassified,none,1196,True
century:All asset classes Defensive,AQR-Century,low_risk,heavy,1196,True
century:All asset classes Multi-style,AQR-Century,unclassified,none,1196,True
century:Equity indices Market,AQR-Century,unclassified,none,1196,True
century:Fixed income Market,AQR-Century,unclassified,none,1196,True
century:Commodities Market,AQR-Century,unclassified,none,1196,True
century:All Macro Market,AQR-Century,unclassified,none,1196,True
french:Mkt-RF:US,French,market,market,1200,True
french:SMB:US,French,size,heavy,1200,True
french:HML:US,French,value,heavy,1200,True
french:Mom:US,French,momentum,heavy,1194,True
french:Mkt-RF:DEV,French,market,market,432,True
french:SMB:DEV,French,size,heavy,432,True
french:HML:DEV,French,value,heavy,432,True
french:Mkt-RF:EU,French,market,market,432,True
french:SMB:EU,French,size,heavy,432,True
french:HML:EU,French,value,heavy,432,True
french:Mkt-RF:JP,French,market,market,432,True
french:SMB:JP,French,size,heavy,432,True
french:HML:JP,French,value,heavy,432,True
french:Mkt-RF:APxJ,French,market,market,432,True
french:SMB:APxJ,French,size,heavy,432,True
french:HML:APxJ,French,value,heavy,432,True
french:Mkt-RF:NA,French,market,market,432,True
french:SMB:NA,French,size,heavy,432,True
french:HML:NA,French,value,heavy,432,True
